timestamp,Open,High,Low,Close,Volume
2026-01-14 00:00:00+00:00,693.35,693.35,693.28,693.29,2023
2026-01-14 00:01:00+00:00,693.53,693.55,693.53,693.55,521
2026-01-14 00:02:00+00:00,693.61,693.6991,693.61,693.6991,1288
2026-01-14 00:03:00+00:00,693.5618,693.5618,693.4107,693.4107,693
2026-01-14 00:04:00+00:00,693.44,693.45,693.4,693.4,374
2026-01-14 00:05:00+00:00,693.55,693.7,693.55,693.66,2654
2026-01-14 00:06:00+00:00,693.6303,693.6303,693.56,693.56,255
2026-01-14 00:07:00+00:00,693.54,693.54,693.5,693.5,841
2026-01-14 00:08:00+00:00,693.5,693.63,693.5,693.63,430
2026-01-14 00:09:00+00:00,693.6111,693.6115,693.6111,693.6115,188
2026-01-14 00:11:00+00:00,693.69,693.69,693.69,693.69,126
2026-01-14 00:12:00+00:00,693.71,693.82,693.71,693.82,2552
2026-01-14 00:13:00+00:00,693.83,693.83,693.79,693.7946,335
2026-01-14 00:14:00+00:00,693.77,693.77,693.7,693.74,293
2026-01-14 00:15:00+00:00,693.8,693.8,693.77,693.77,207
2026-01-14 00:17:00+00:00,693.69,693.69,693.69,693.69,62
2026-01-14 00:20:00+00:00,693.74,693.86,693.74,693.81,3011
2026-01-14 00:21:00+00:00,693.7801,693.82,693.73,693.73,692
2026-01-14 00:22:00+00:00,693.73,693.78,693.73,693.78,900
2026-01-14 00:24:00+00:00,693.7886,693.7886,693.7886,693.7886,100
2026-01-14 00:26:00+00:00,693.7714,693.7714,693.7714,693.7714,218
2026-01-14 00:28:00+00:00,693.8216,693.8218,693.79,693.79,525
2026-01-14 00:29:00+00:00,693.82,693.82,693.82,693.82,203
2026-01-14 00:30:00+00:00,693.84,693.85,693.84,693.85,195
2026-01-14 00:31:00+00:00,693.8001,693.8328,693.79,693.79,608
2026-01-14 00:32:00+00:00,693.77,693.77,693.77,693.77,257
2026-01-14 00:33:00+00:00,693.7199,693.79,693.7199,693.79,837
2026-01-14 00:34:00+00:00,693.7201,693.7201,693.7201,693.7201,305
2026-01-14 00:35:00+00:00,693.7199,693.7199,693.7,693.7,221
2026-01-14 00:36:00+00:00,693.7,693.7,693.63,693.63,726
2026-01-14 00:37:00+00:00,693.69,693.69,693.67,693.67,209
2026-01-14 00:39:00+00:00,693.68,693.68,693.68,693.68,348
2026-01-14 00:40:00+00:00,693.69,693.69,693.6899,693.6899,164
2026-01-14 00:41:00+00:00,693.72,693.72,693.67,693.67,270
2026-01-14 00:42:00+00:00,693.63,693.669,693.57,693.57,1768
2026-01-14 00:45:00+00:00,693.64,693.67,693.64,693.67,120
2026-01-14 00:46:00+00:00,693.67,693.67,693.6512,693.6512,259
2026-01-14 00:48:00+00:00,693.67,693.67,693.67,693.67,147
2026-01-14 00:49:00+00:00,693.67,693.67,693.67,693.67,136
2026-01-14 00:50:00+00:00,693.69,693.69,693.67,693.67,225
2026-01-14 00:51:00+00:00,693.67,693.67,693.67,693.67,111
2026-01-14 00:52:00+00:00,693.64,693.64,693.64,693.64,224
2026-01-14 00:53:00+00:00,693.6707,693.73,693.6707,693.73,397
2026-01-14 00:54:00+00:00,693.7302,693.7302,693.72,693.72,499
2026-01-14 00:55:00+00:00,693.7225,693.75,693.72,693.75,730
2026-01-14 00:57:00+00:00,693.7,693.72,693.7,693.71,897
2026-01-14 00:58:00+00:00,693.71,693.71,693.69,693.69,1060
2026-01-14 00:59:00+00:00,693.6897,693.69,693.5987,693.5987,2186
2026-01-14 09:00:00+00:00,692.71,692.86,692.71,692.86,1951
2026-01-14 09:01:00+00:00,692.88,692.88,692.81,692.84,267
2026-01-14 09:03:00+00:00,692.79,692.83,692.79,692.83,426
2026-01-14 09:04:00+00:00,692.85,692.86,692.85,692.86,296
2026-01-14 09:05:00+00:00,692.88,692.89,692.84,692.88,1427
2026-01-14 09:06:00+00:00,692.85,692.97,692.85,692.97,781
2026-01-14 09:07:00+00:00,692.99,693.0,692.97,692.97,552
2026-01-14 09:08:00+00:00,693.03,693.03,692.97,692.98,435
2026-01-14 09:09:00+00:00,693.0,693.0,693.0,693.0,709
2026-01-14 09:10:00+00:00,693.06,693.13,693.06,693.13,638
2026-01-14 09:11:00+00:00,693.06,693.08,693.06,693.06,753
2026-01-14 09:12:00+00:00,693.02,693.05,693.0,693.03,1134
2026-01-14 09:13:00+00:00,693.01,693.01,693.01,693.01,152
2026-01-14 09:14:00+00:00,693.1,693.14,693.1,693.14,213
2026-01-14 09:15:00+00:00,693.13,693.13,693.05,693.05,204
2026-01-14 09:16:00+00:00,693.05,693.12,693.05,693.12,300
2026-01-14 09:17:00+00:00,693.1,693.1,693.1,693.1,124
2026-01-14 09:18:00+00:00,693.13,693.18,693.13,693.18,685
2026-01-14 09:19:00+00:00,693.13,693.14,693.09,693.14,338
2026-01-14 09:20:00+00:00,693.1,693.1,693.1,693.1,107
2026-01-14 09:21:00+00:00,693.16,693.16,693.16,693.16,208
2026-01-14 09:22:00+00:00,693.11,693.13,693.11,693.13,274
2026-01-14 09:23:00+00:00,693.13,693.13,693.13,693.13,157
2026-01-14 09:24:00+00:00,693.11,693.12,693.09,693.1,483
2026-01-14 09:27:00+00:00,692.98,692.99,692.98,692.99,181
2026-01-14 09:28:00+00:00,692.98,692.98,692.98,692.98,110
2026-01-14 09:29:00+00:00,692.94,692.94,692.94,692.94,137
2026-01-14 09:30:00+00:00,693.0,693.0,693.0,693.0,114
2026-01-14 09:31:00+00:00,693.04,693.04,692.98,693.01,885
2026-01-14 09:32:00+00:00,692.91,692.91,692.9,692.9,362
2026-01-14 09:33:00+00:00,692.93,692.93,692.93,692.93,103
2026-01-14 09:35:00+00:00,692.98,693.0,692.98,692.99,288
2026-01-14 09:36:00+00:00,692.96,692.96,692.96,692.96,128
2026-01-14 09:37:00+00:00,693.04,693.04,693.04,693.04,238
2026-01-14 09:38:00+00:00,692.88,692.89,692.85,692.86,480
2026-01-14 09:40:00+00:00,692.86,692.86,692.81,692.81,350
2026-01-14 09:42:00+00:00,692.79,692.79,692.79,692.79,82
2026-01-14 09:43:00+00:00,692.8,692.8,692.7,692.72,818
2026-01-14 09:44:00+00:00,692.76,692.78,692.76,692.78,312
2026-01-14 09:46:00+00:00,692.76,692.76,692.76,692.76,174
2026-01-14 09:47:00+00:00,692.83,692.83,692.83,692.83,186
2026-01-14 09:48:00+00:00,692.88,692.88,692.88,692.88,173
2026-01-14 09:49:00+00:00,692.82,692.82,692.73,692.73,193
2026-01-14 09:50:00+00:00,692.79,692.79,692.76,692.76,271
2026-01-14 09:51:00+00:00,692.75,692.75,692.59,692.6,3644
2026-01-14 09:52:00+00:00,692.6,692.6,692.5,692.5,238
2026-01-14 09:53:00+00:00,692.57,692.72,692.57,692.72,420
2026-01-14 09:54:00+00:00,692.78,692.83,692.78,692.82,523
2026-01-14 09:55:00+00:00,692.83,692.83,692.83,692.83,113
2026-01-14 09:59:00+00:00,692.83,692.83,692.83,692.83,62
2026-01-14 10:00:00+00:00,692.78,692.78,692.75,692.75,194
2026-01-14 10:01:00+00:00,692.71,692.71,692.71,692.71,79
2026-01-14 10:03:00+00:00,692.68,692.75,692.68,692.75,812
2026-01-14 10:04:00+00:00,692.69,692.69,692.6,692.6,891
2026-01-14 10:05:00+00:00,692.64,692.64,692.62,692.63,528
2026-01-14 10:06:00+00:00,692.66,692.68,692.66,692.68,289
2026-01-14 10:08:00+00:00,692.72,692.72,692.7,692.7,291
2026-01-14 10:12:00+00:00,692.78,692.79,692.6,692.6,1388
2026-01-14 10:13:00+00:00,692.54,692.54,692.43,692.53,2239
2026-01-14 10:14:00+00:00,692.51,692.53,692.51,692.51,597
2026-01-14 10:15:00+00:00,692.53,692.53,692.32,692.32,601
2026-01-14 10:16:00+00:00,692.4,692.44,692.37,692.37,735
2026-01-14 10:17:00+00:00,692.41,692.45,692.4,692.45,639
2026-01-14 10:18:00+00:00,692.39,692.39,692.39,692.39,102
2026-01-14 10:19:00+00:00,692.27,692.27,692.18,692.18,986
2026-01-14 10:20:00+00:00,692.19,692.19,692.13,692.13,896
2026-01-14 10:21:00+00:00,692.14,692.15,691.93,691.93,3068
2026-01-14 10:22:00+00:00,691.83,691.83,691.56,691.72,1948
2026-01-14 10:23:00+00:00,691.64,691.64,691.32,691.32,2380
2026-01-14 10:24:00+00:00,691.47,691.64,691.3,691.53,20000
2026-01-14 10:25:00+00:00,691.42,691.54,691.42,691.52,753
2026-01-14 10:26:00+00:00,691.6,691.6,691.56,691.56,319
2026-01-14 10:27:00+00:00,691.54,691.55,691.31,691.31,10423
2026-01-14 10:28:00+00:00,691.44,691.52,691.42,691.52,672
2026-01-14 10:29:00+00:00,691.56,691.58,691.56,691.57,5230
2026-01-14 10:30:00+00:00,691.53,691.58,691.5,691.58,1435
2026-01-14 10:31:00+00:00,691.5,691.5,691.34,691.34,319
2026-01-14 10:32:00+00:00,691.4,691.51,691.38,691.51,26211
2026-01-14 10:33:00+00:00,691.5,691.5,691.34,691.34,18216
2026-01-14 10:34:00+00:00,691.3,691.3,690.98,691.11,7420
2026-01-14 10:35:00+00:00,691.04,691.13,690.98,691.13,825
2026-01-14 10:36:00+00:00,691.17,691.3,691.08,691.21,2515
2026-01-14 10:37:00+00:00,691.25,691.29,691.09,691.18,1367
2026-01-14 10:38:00+00:00,691.27,691.27,691.25,691.25,468
2026-01-14 10:39:00+00:00,691.39,691.48,691.39,691.48,523
2026-01-14 10:40:00+00:00,691.38,691.44,691.38,691.44,600
2026-01-14 10:41:00+00:00,691.42,691.42,691.4,691.4,313
2026-01-14 10:42:00+00:00,691.3,691.3,691.3,691.3,147
2026-01-14 10:43:00+00:00,691.16,691.16,691.16,691.16,125
2026-01-14 10:44:00+00:00,691.23,691.25,691.2,691.25,15546
2026-01-14 10:45:00+00:00,691.26,691.26,691.17,691.17,1087
2026-01-14 10:46:00+00:00,691.15,691.15,691.06,691.09,693
2026-01-14 10:47:00+00:00,691.02,691.02,690.98,691.0,1997
2026-01-14 10:48:00+00:00,691.1,691.14,691.1,691.14,291
2026-01-14 10:49:00+00:00,691.11,691.11,690.88,690.89,3013
2026-01-14 10:50:00+00:00,690.86,690.91,690.86,690.91,1426
2026-01-14 10:51:00+00:00,690.89,691.04,690.86,690.98,4601
2026-01-14 10:52:00+00:00,690.9,690.91,690.54,690.58,7302
2026-01-14 10:53:00+00:00,690.61,690.8,690.61,690.79,1137
2026-01-14 10:54:00+00:00,690.79,690.89,690.78,690.84,3744
2026-01-14 10:55:00+00:00,690.88,691.12,690.85,691.09,4876
2026-01-14 10:56:00+00:00,691.08,691.11,691.06,691.11,444
2026-01-14 10:57:00+00:00,691.05,691.09,691.05,691.09,458
2026-01-14 10:58:00+00:00,691.12,691.17,691.09,691.1,1362
2026-01-14 10:59:00+00:00,690.99,690.99,690.97,690.99,1784
2026-01-14 11:00:00+00:00,690.94,690.94,690.91,690.91,899
2026-01-14 11:01:00+00:00,690.87,690.87,690.73,690.73,2425
2026-01-14 11:02:00+00:00,690.73,690.74,690.7,690.74,1714
2026-01-14 11:03:00+00:00,690.76,690.76,690.76,690.76,279
2026-01-14 11:04:00+00:00,690.71,690.72,690.66,690.7,4371
2026-01-14 11:05:00+00:00,690.66,690.67,690.55,690.65,9424
2026-01-14 11:06:00+00:00,690.67,690.69,690.5,690.5,1323
2026-01-14 11:07:00+00:00,690.48,690.57,690.48,690.57,367
2026-01-14 11:08:00+00:00,690.54,690.73,690.54,690.68,867
2026-01-14 11:09:00+00:00,690.72,690.93,690.72,690.93,997
2026-01-14 11:10:00+00:00,690.75,690.75,690.75,690.75,333
2026-01-14 11:11:00+00:00,690.77,690.77,690.77,690.77,220
2026-01-14 11:12:00+00:00,691.05,691.1,691.03,691.05,1951
2026-01-14 11:13:00+00:00,690.99,690.99,690.99,690.99,294
2026-01-14 11:14:00+00:00,691.0,691.05,691.0,691.05,687
2026-01-14 11:15:00+00:00,691.12,691.12,691.12,691.12,116
2026-01-14 11:16:00+00:00,691.15,691.15,691.15,691.15,90
2026-01-14 11:17:00+00:00,691.19,691.19,691.11,691.12,831
2026-01-14 11:18:00+00:00,691.03,691.06,691.03,691.06,1223
2026-01-14 11:19:00+00:00,691.05,691.05,691.01,691.02,1636
2026-01-14 11:20:00+00:00,691.12,691.24,691.12,691.23,2050
2026-01-14 11:21:00+00:00,691.28,691.28,691.28,691.28,156
2026-01-14 11:22:00+00:00,691.15,691.15,691.15,691.15,1889
2026-01-14 11:23:00+00:00,691.15,691.34,691.15,691.31,2255
2026-01-14 11:24:00+00:00,691.31,691.35,691.31,691.35,522
2026-01-14 11:25:00+00:00,691.33,691.46,691.33,691.46,14147
2026-01-14 11:26:00+00:00,691.46,691.47,691.4,691.4,831
2026-01-14 11:27:00+00:00,691.41,691.44,691.41,691.44,1424
2026-01-14 11:28:00+00:00,691.5,691.51,691.44,691.44,281
2026-01-14 11:29:00+00:00,691.4,691.41,691.4,691.4,230
2026-01-14 11:30:00+00:00,691.45,691.47,691.45,691.47,305
2026-01-14 11:31:00+00:00,691.38,691.38,691.35,691.35,484
2026-01-14 11:32:00+00:00,691.4,691.4,691.4,691.4,150
2026-01-14 11:33:00+00:00,691.41,691.41,691.41,691.41,233
2026-01-14 11:34:00+00:00,691.38,691.4,691.37,691.37,1178
2026-01-14 11:35:00+00:00,691.33,691.33,691.33,691.33,190
2026-01-14 11:36:00+00:00,691.32,691.32,691.27,691.27,238
2026-01-14 11:37:00+00:00,691.31,691.32,691.31,691.32,220
2026-01-14 11:38:00+00:00,691.4,691.4,691.39,691.39,193
2026-01-14 11:39:00+00:00,691.4,691.4,691.4,691.4,133
2026-01-14 11:40:00+00:00,691.29,691.31,691.29,691.31,1282
2026-01-14 11:41:00+00:00,691.18,691.18,691.16,691.17,517
2026-01-14 11:42:00+00:00,691.13,691.14,691.13,691.14,319
2026-01-14 11:43:00+00:00,691.06,691.14,691.04,691.14,1119
2026-01-14 11:44:00+00:00,691.21,691.21,691.07,691.09,1062
2026-01-14 11:45:00+00:00,691.14,691.14,691.07,691.07,446
2026-01-14 11:46:00+00:00,691.17,691.17,691.17,691.17,183
2026-01-14 11:47:00+00:00,691.18,691.33,691.18,691.33,1598
2026-01-14 11:48:00+00:00,691.28,691.31,691.27,691.29,1224
2026-01-14 11:49:00+00:00,691.3,691.3,691.3,691.3,969
2026-01-14 11:50:00+00:00,691.18,691.18,691.09,691.09,824
2026-01-14 11:51:00+00:00,691.11,691.17,691.11,691.16,3439
2026-01-14 11:52:00+00:00,691.16,691.19,691.14,691.19,457
2026-01-14 11:53:00+00:00,691.18,691.18,691.14,691.15,459
2026-01-14 11:54:00+00:00,691.13,691.16,691.13,691.13,376
2026-01-14 11:55:00+00:00,691.11,691.17,691.11,691.16,472
2026-01-14 11:56:00+00:00,691.22,691.31,691.22,691.3,4372
2026-01-14 11:57:00+00:00,691.3,691.3,691.09,691.09,1950
2026-01-14 11:58:00+00:00,691.01,691.14,690.97,691.14,1458
2026-01-14 11:59:00+00:00,691.14,691.19,691.14,691.19,964
2026-01-14 12:00:00+00:00,691.07,691.13,690.83,690.83,3954
2026-01-14 12:01:00+00:00,690.9,690.9,690.3,690.32,16764
2026-01-14 12:02:00+00:00,690.29,690.89,690.23,690.84,6851
2026-01-14 12:03:00+00:00,690.76,690.82,690.71,690.71,1331
2026-01-14 12:04:00+00:00,690.61,690.8,690.55,690.8,3119
2026-01-14 12:05:00+00:00,690.8,690.84,690.66,690.78,14575
2026-01-14 12:06:00+00:00,690.96,691.01,690.96,691.01,1431
2026-01-14 12:07:00+00:00,690.95,691.04,690.95,690.95,405
2026-01-14 12:08:00+00:00,691.0,691.06,691.0,691.0,7970
2026-01-14 12:09:00+00:00,691.01,691.01,690.99,690.99,6097
2026-01-14 12:10:00+00:00,691.01,691.06,690.97,691.04,1018
2026-01-14 12:11:00+00:00,691.07,691.09,691.01,691.02,1790
2026-01-14 12:12:00+00:00,691.04,691.085,691.01,691.06,823
2026-01-14 12:13:00+00:00,691.09,691.21,691.08,691.19,4671
2026-01-14 12:14:00+00:00,691.15,691.26,691.13,691.18,1055
2026-01-14 12:15:00+00:00,691.18,691.279,691.16,691.22,1996
2026-01-14 12:16:00+00:00,691.185,691.26,691.16,691.26,940
2026-01-14 12:17:00+00:00,691.23,691.28,691.21,691.25,1501
2026-01-14 12:18:00+00:00,691.26,691.26,691.2,691.23,876
2026-01-14 12:19:00+00:00,691.2,691.31,691.2,691.3,1379
2026-01-14 12:20:00+00:00,691.38,691.48,691.38,691.48,2835
2026-01-14 12:21:00+00:00,691.47,691.59,691.47,691.59,3915
2026-01-14 12:22:00+00:00,691.62,691.67,691.62,691.65,7513
2026-01-14 12:23:00+00:00,691.68,691.77,691.68,691.77,2311
2026-01-14 12:24:00+00:00,691.78,691.78,691.73,691.739,1021
2026-01-14 12:25:00+00:00,691.77,691.77,691.67,691.73,1568
2026-01-14 12:26:00+00:00,691.66,691.66,691.63,691.63,408
2026-01-14 12:27:00+00:00,691.63,691.63,691.59,691.6,2947
2026-01-14 12:28:00+00:00,691.64,691.64,691.63,691.63,105
2026-01-14 12:29:00+00:00,691.64,691.65,691.62,691.65,442
2026-01-14 12:30:00+00:00,691.65,691.7,691.61,691.61,2193
2026-01-14 12:31:00+00:00,691.69,691.79,691.67,691.79,615
2026-01-14 12:32:00+00:00,691.72,691.77,691.72,691.77,482
2026-01-14 12:33:00+00:00,691.77,691.85,691.75,691.85,1247
2026-01-14 12:34:00+00:00,691.86,691.86,691.85,691.85,552
2026-01-14 12:35:00+00:00,691.89,691.89,691.84,691.85,2628
2026-01-14 12:36:00+00:00,691.87,691.92,691.85,691.85,737
2026-01-14 12:37:00+00:00,691.81,691.81,691.79,691.79,1189
2026-01-14 12:38:00+00:00,691.75,691.82,691.73,691.8,530
2026-01-14 12:39:00+00:00,691.77,691.8,691.74,691.8,1772
2026-01-14 12:40:00+00:00,691.77,691.78,691.75,691.75,163
2026-01-14 12:41:00+00:00,691.75,691.75,691.66,691.72,6332
2026-01-14 12:42:00+00:00,691.73,691.75,691.73,691.75,1588
2026-01-14 12:44:00+00:00,691.66,691.66,691.54,691.66,8635
2026-01-14 12:46:00+00:00,691.59,691.59,691.48,691.52,900
2026-01-14 12:47:00+00:00,691.43,691.45,691.42,691.45,3113
2026-01-14 12:48:00+00:00,691.45,691.48,691.36,691.37,9459
2026-01-14 12:49:00+00:00,691.42,691.45,691.35,691.35,8585
2026-01-14 12:50:00+00:00,691.36,691.36,691.32,691.32,817
2026-01-14 12:52:00+00:00,691.47,691.47,691.32,691.32,927
2026-01-14 12:53:00+00:00,691.369,691.369,691.369,691.369,271
2026-01-14 12:54:00+00:00,691.36,691.47,691.36,691.45,574
2026-01-14 12:55:00+00:00,691.43,691.48,691.43,691.48,883
2026-01-14 12:56:00+00:00,691.48,691.48,691.38,691.39,325
2026-01-14 12:57:00+00:00,691.41,691.42,691.41,691.42,387
2026-01-14 12:58:00+00:00,691.44,691.46,691.42,691.42,387
2026-01-14 12:59:00+00:00,691.4,691.44,691.39,691.44,713
2026-01-14 13:00:00+00:00,691.12,693.18,690.27,691.43,78067
2026-01-14 13:01:00+00:00,692.72,692.87,691.3,692.31,15580
2026-01-14 13:02:00+00:00,692.4,692.93,691.3,691.3,14724
2026-01-14 13:03:00+00:00,691.3599,691.3599,691.17,691.17,12549
2026-01-14 13:04:00+00:00,691.15,691.16,691.1,691.11,4658
2026-01-14 13:05:00+00:00,691.14,691.2,691.05,691.1283,1809
2026-01-14 13:06:00+00:00,691.1152,691.25,691.03,691.06,9692
2026-01-14 13:07:00+00:00,691.08,691.16,691.04,691.12,2969
2026-01-14 13:08:00+00:00,691.06,691.07,690.98,691.02,12620
2026-01-14 13:09:00+00:00,691.02,691.35,691.02,691.3001,9027
2026-01-14 13:10:00+00:00,691.33,691.41,691.32,691.33,2373
2026-01-14 13:11:00+00:00,691.31,691.31,691.12,691.21,1664
2026-01-14 13:12:00+00:00,691.23,691.27,691.19,691.19,9959
2026-01-14 13:13:00+00:00,691.26,691.26,691.19,691.22,5947
2026-01-14 13:14:00+00:00,691.18,691.19,691.06,691.07,4239
2026-01-14 13:15:00+00:00,691.0793,691.11,691.03,691.08,11603
2026-01-14 13:16:00+00:00,691.11,691.38,691.08,691.29,13950
2026-01-14 13:17:00+00:00,691.341,691.4106,691.28,691.4106,3550
2026-01-14 13:18:00+00:00,691.4101,691.53,691.41,691.43,3666
2026-01-14 13:19:00+00:00,691.37,691.37,691.25,691.27,1292
2026-01-14 13:20:00+00:00,691.35,691.4,691.32,691.38,449
2026-01-14 13:21:00+00:00,691.4201,691.52,690.87,691.44,43023
2026-01-14 13:22:00+00:00,691.43,691.62,691.38,691.62,5465
2026-01-14 13:23:00+00:00,691.593,691.64,691.5,691.52,2275
2026-01-14 13:24:00+00:00,691.5633,691.6,691.56,691.6,2849
2026-01-14 13:25:00+00:00,691.56,691.61,691.55,691.57,2938
2026-01-14 13:26:00+00:00,691.51,691.54,691.39,691.46,8122
2026-01-14 13:27:00+00:00,691.44,691.54,691.44,691.47,1566
2026-01-14 13:28:00+00:00,691.47,691.57,691.45,691.54,1914
2026-01-14 13:29:00+00:00,691.5506,691.64,691.51,691.57,2497
2026-01-14 13:30:00+00:00,691.76,691.8,691.19,691.24,48657
2026-01-14 13:31:00+00:00,691.31,691.3993,691.11,691.2,14987
2026-01-14 13:32:00+00:00,691.1899,691.43,691.1401,691.3862,21573
2026-01-14 13:33:00+00:00,691.39,691.4287,691.08,691.0977,7643
2026-01-14 13:34:00+00:00,691.1592,691.16,690.99,691.12,14640
2026-01-14 13:35:00+00:00,691.12,691.12,690.99,691.03,4791
2026-01-14 13:36:00+00:00,691.0299,691.23,691.0135,691.0393,17502
2026-01-14 13:37:00+00:00,691.07,691.08,690.88,690.99,5440
2026-01-14 13:38:00+00:00,690.96,691.12,690.9592,691.07,2839
2026-01-14 13:39:00+00:00,691.11,691.16,691.06,691.16,2635
2026-01-14 13:40:00+00:00,691.08,691.21,691.07,691.07,22395
2026-01-14 13:41:00+00:00,691.04,691.08,690.99,691.06,2948
2026-01-14 13:42:00+00:00,691.0281,691.11,691.0,691.09,1670
2026-01-14 13:43:00+00:00,691.15,691.2,691.0654,691.13,4154
2026-01-14 13:44:00+00:00,691.08,691.11,690.75,690.75,7229
2026-01-14 13:45:00+00:00,690.78,690.8,690.5,690.78,14548
2026-01-14 13:46:00+00:00,690.84,690.85,690.69,690.78,4746
2026-01-14 13:47:00+00:00,690.77,690.77,690.66,690.74,2049
2026-01-14 13:48:00+00:00,690.6921,690.75,690.54,690.54,5086
2026-01-14 13:49:00+00:00,690.58,690.67,690.53,690.61,9162
2026-01-14 13:50:00+00:00,690.64,690.8,690.62,690.8,10465
2026-01-14 13:51:00+00:00,690.75,690.9,690.75,690.87,6056
2026-01-14 13:52:00+00:00,690.9135,691.05,690.9,690.9,11042
2026-01-14 13:53:00+00:00,690.93,690.9699,690.91,690.96,1797
2026-01-14 13:54:00+00:00,690.95,691.01,690.95,690.9632,1429
2026-01-14 13:55:00+00:00,690.99,691.02,690.95,690.96,1518
2026-01-14 13:56:00+00:00,691.02,691.04,690.85,690.89,1876
2026-01-14 13:57:00+00:00,690.85,690.92,690.759,690.8817,4601
2026-01-14 13:58:00+00:00,690.91,690.91,690.83,690.84,2084
2026-01-14 13:59:00+00:00,690.88,693.65,690.84,690.88,20578
2026-01-14 14:00:00+00:00,690.91,691.0,690.88,690.99,10060
2026-01-14 14:01:00+00:00,690.99,691.18,690.9816,691.07,8147
2026-01-14 14:02:00+00:00,691.0826,691.16,691.06,691.16,1438
2026-01-14 14:03:00+00:00,691.1502,691.21,691.0,691.03,13493
2026-01-14 14:04:00+00:00,691.07,691.2,691.07,691.15,22522
2026-01-14 14:05:00+00:00,691.1601,691.2,691.11,691.18,8309
2026-01-14 14:06:00+00:00,691.2,691.2,691.0,691.0,5707
2026-01-14 14:07:00+00:00,691.0,691.0,690.89,690.94,2516
2026-01-14 14:08:00+00:00,690.9394,690.9394,690.76,690.88,6286
2026-01-14 14:09:00+00:00,690.92,691.0,690.8501,690.92,5524
2026-01-14 14:10:00+00:00,690.95,691.0,690.91,690.98,1693
2026-01-14 14:11:00+00:00,691.0,691.05,690.8,690.85,3620
2026-01-14 14:12:00+00:00,690.8264,690.9,690.7518,690.85,5447
2026-01-14 14:13:00+00:00,690.92,690.96,690.8002,690.92,30892
2026-01-14 14:14:00+00:00,690.92,691.04,690.89,691.0101,2285
2026-01-14 14:15:00+00:00,691.0301,691.06,690.98,691.02,4087
2026-01-14 14:16:00+00:00,691.09,691.12,691.02,691.05,4533
2026-01-14 14:17:00+00:00,691.08,691.2,691.05,691.19,6757
2026-01-14 14:18:00+00:00,691.19,691.27,691.1,691.1893,23095
2026-01-14 14:19:00+00:00,691.15,691.18,690.99,690.99,3345
2026-01-14 14:20:00+00:00,690.98,691.08,690.97,691.03,3052
2026-01-14 14:21:00+00:00,691.079,691.08,690.83,690.83,8535
2026-01-14 14:22:00+00:00,690.8599,690.94,690.7501,690.94,2255
2026-01-14 14:23:00+00:00,690.94,691.0,690.94,691.0,2454
2026-01-14 14:24:00+00:00,690.95,690.97,690.84,690.88,3311
2026-01-14 14:25:00+00:00,690.96,691.18,690.96,691.06,3237
2026-01-14 14:26:00+00:00,691.07,691.13,691.04,691.09,12718
2026-01-14 14:27:00+00:00,691.06,691.11,690.95,690.9606,5746
2026-01-14 14:28:00+00:00,690.97,690.97,690.77,690.89,35476
2026-01-14 14:29:00+00:00,690.89,691.17,690.87,691.06,19725
2026-01-14 14:30:00+00:00,691.0,691.46,690.75,691.225,750774
2026-01-14 14:31:00+00:00,691.23,691.27,690.09,690.285,629237
2026-01-14 14:32:00+00:00,690.27,690.52,689.87,690.14,484837
2026-01-14 14:33:00+00:00,690.13,691.105,690.1,691.06,410427
2026-01-14 14:34:00+00:00,691.085,691.7,691.04,691.575,473398
2026-01-14 14:35:00+00:00,691.58,691.72,691.18,691.21,391581
2026-01-14 14:36:00+00:00,691.21,691.34,690.7313,690.76,312193
2026-01-14 14:37:00+00:00,690.77,691.01,690.68,690.68,187976
2026-01-14 14:38:00+00:00,690.66,690.95,690.62,690.72,230466
2026-01-14 14:39:00+00:00,690.74,690.955,690.36,690.62,477777
2026-01-14 14:40:00+00:00,690.63,690.9352,690.41,690.81,258696
2026-01-14 14:41:00+00:00,690.82,691.05,689.9,690.15,439132
2026-01-14 14:42:00+00:00,690.16,690.22,689.91,690.17,439647
2026-01-14 14:43:00+00:00,690.16,690.17,689.695,689.76,392200
2026-01-14 14:44:00+00:00,689.75,689.9,689.45,689.57,361352
2026-01-14 14:45:00+00:00,689.56,689.96,689.22,689.28,533865
2026-01-14 14:46:00+00:00,689.29,689.92,689.105,689.91,421146
2026-01-14 14:47:00+00:00,689.91,690.16,689.68,690.11,339688
2026-01-14 14:48:00+00:00,690.1,690.21,689.71,690.162,323580
2026-01-14 14:49:00+00:00,690.16,690.49,689.9,690.15,227419
2026-01-14 14:50:00+00:00,690.14,690.18,689.55,689.59,302454
2026-01-14 14:51:00+00:00,689.6,690.03,689.56,689.58,272756
2026-01-14 14:52:00+00:00,689.596,689.85,689.48,689.68,190578
2026-01-14 14:53:00+00:00,689.68,689.7,689.28,689.47,291031
2026-01-14 14:54:00+00:00,689.44,690.09,689.43,689.71,312541
2026-01-14 14:55:00+00:00,689.7105,689.75,689.14,689.45,289031
2026-01-14 14:56:00+00:00,689.46,689.67,689.21,689.6,256824
2026-01-14 14:57:00+00:00,689.55,689.67,689.37,689.57,205360
2026-01-14 14:58:00+00:00,689.56,689.57,688.98,689.01,321085
2026-01-14 14:59:00+00:00,688.99,689.11,688.66,688.72,355558
2026-01-14 15:00:00+00:00,688.72,688.74,687.67,687.93,1053710
2026-01-14 15:01:00+00:00,687.93,688.32,687.87,688.0801,416295
2026-01-14 15:02:00+00:00,688.12,688.325,687.85,688.0,250611
2026-01-14 15:03:00+00:00,687.98,688.49,687.95,688.26,290547
2026-01-14 15:04:00+00:00,688.25,688.38,688.05,688.29,386665
2026-01-14 15:05:00+00:00,688.26,688.7,688.05,688.64,322589
2026-01-14 15:06:00+00:00,688.63,688.93,688.5,688.87,225180
2026-01-14 15:07:00+00:00,688.9,688.91,688.33,688.39,211892
2026-01-14 15:08:00+00:00,688.4,688.77,688.365,688.66,176610
2026-01-14 15:09:00+00:00,688.67,688.9,688.45,688.88,210514
2026-01-14 15:10:00+00:00,688.89,688.9,688.5,688.5,295755
2026-01-14 15:11:00+00:00,688.51,690.0,688.45,689.44,491064
2026-01-14 15:12:00+00:00,689.46,690.15,689.26,689.84,422000
2026-01-14 15:13:00+00:00,689.84,690.39,689.62,690.2792,386924
2026-01-14 15:14:00+00:00,690.28,690.6342,690.13,690.59,285302
2026-01-14 15:15:00+00:00,690.59,690.85,690.33,690.41,260500
2026-01-14 15:16:00+00:00,690.41,690.59,689.982,690.08,236905
2026-01-14 15:17:00+00:00,690.08,690.44,690.03,690.31,185603
2026-01-14 15:18:00+00:00,690.3,690.74,690.16,690.655,191838
2026-01-14 15:19:00+00:00,690.66,690.66,690.04,690.16,174938
2026-01-14 15:20:00+00:00,690.17,690.36,689.76,689.98,329753
2026-01-14 15:21:00+00:00,690.0,690.31,689.91,690.2265,162081
2026-01-14 15:22:00+00:00,690.21,690.4,690.05,690.25,166415
2026-01-14 15:23:00+00:00,690.28,690.355,689.63,689.67,172108
2026-01-14 15:24:00+00:00,689.69,689.98,689.59,689.86,115933
2026-01-14 15:25:00+00:00,689.87,689.97,689.625,689.85,161344
2026-01-14 15:26:00+00:00,689.82,689.99,689.69,689.78,120410
2026-01-14 15:27:00+00:00,689.8191,689.83,689.61,689.63,107521
2026-01-14 15:28:00+00:00,689.63,689.63,688.88,688.95,291091
2026-01-14 15:29:00+00:00,688.95,689.05,688.73,688.76,134640
2026-01-14 15:30:00+00:00,688.75,688.75,688.18,688.19,358919
2026-01-14 15:31:00+00:00,688.19,688.34,688.04,688.18,291404
2026-01-14 15:32:00+00:00,688.17,688.4,688.05,688.14,167755
2026-01-14 15:33:00+00:00,688.12,688.54,687.99,688.22,215176
2026-01-14 15:34:00+00:00,688.205,688.355,688.105,688.12,128989
2026-01-14 15:35:00+00:00,688.14,688.2,687.92,688.12,276458
2026-01-14 15:36:00+00:00,688.12,688.39,687.95,688.22,225815
2026-01-14 15:37:00+00:00,688.235,688.46,688.11,688.425,222322
2026-01-14 15:38:00+00:00,688.42,688.56,688.29,688.51,151962
2026-01-14 15:39:00+00:00,688.51,688.7399,688.45,688.7201,178877
2026-01-14 15:40:00+00:00,688.71,689.01,688.47,688.8717,158964
2026-01-14 15:41:00+00:00,688.87,689.01,688.525,688.71,146837
2026-01-14 15:42:00+00:00,688.7,688.74,688.4999,688.67,159613
2026-01-14 15:43:00+00:00,688.66,688.66,687.78,687.82,244510
2026-01-14 15:44:00+00:00,687.825,687.86,687.66,687.815,220371
2026-01-14 15:45:00+00:00,687.81,688.02,687.66,687.755,182260
2026-01-14 15:46:00+00:00,687.75,687.7599,687.24,687.31,433872
2026-01-14 15:47:00+00:00,687.3,687.5884,687.07,687.12,333170
2026-01-14 15:48:00+00:00,687.11,687.185,686.73,686.84,473543
2026-01-14 15:49:00+00:00,686.84,686.88,686.595,686.665,320509
2026-01-14 15:50:00+00:00,686.67,686.85,686.57,686.715,306732
2026-01-14 15:51:00+00:00,686.715,686.88,686.54,686.62,207038
2026-01-14 15:52:00+00:00,686.615,686.73,686.51,686.585,196169
2026-01-14 15:53:00+00:00,686.59,687.0199,686.56,686.79,343300
2026-01-14 15:54:00+00:00,686.8,687.07,686.79,687.06,350917
2026-01-14 15:55:00+00:00,687.06,687.455,687.06,687.17,302605
2026-01-14 15:56:00+00:00,687.16,687.355,687.105,687.23,172727
2026-01-14 15:57:00+00:00,687.23,687.44,687.18,687.4,183877
2026-01-14 15:58:00+00:00,687.4,687.505,687.04,687.08,181890
2026-01-14 15:59:00+00:00,687.09,687.22,686.99,687.16,200896
2026-01-14 16:00:00+00:00,687.16,687.355,687.065,687.32,136174
2026-01-14 16:01:00+00:00,687.35,687.5,687.09,687.22,160391
2026-01-14 16:02:00+00:00,687.22,687.4,687.115,687.38,117492
2026-01-14 16:03:00+00:00,687.36,687.415,687.27,687.39,66967
2026-01-14 16:04:00+00:00,687.395,687.595,687.37,687.57,150910
2026-01-14 16:05:00+00:00,687.58,687.66,687.36,687.42,159383
2026-01-14 16:06:00+00:00,687.41,687.42,687.07,687.16,130980
2026-01-14 16:07:00+00:00,687.155,687.19,687.03,687.105,94277
2026-01-14 16:08:00+00:00,687.11,687.21,687.01,687.08,86452
2026-01-14 16:09:00+00:00,687.07,687.28,687.01,687.18,131467
2026-01-14 16:10:00+00:00,687.18,687.21,686.99,686.99,102080
2026-01-14 16:11:00+00:00,686.99,687.4,686.99,687.325,113055
2026-01-14 16:12:00+00:00,687.3199,687.58,687.21,687.54,200988
2026-01-14 16:13:00+00:00,687.53,687.56,687.2499,687.4,101961
2026-01-14 16:14:00+00:00,687.41,687.45,687.23,687.38,90132
2026-01-14 16:15:00+00:00,687.39,687.6999,687.36,687.51,144328
2026-01-14 16:16:00+00:00,687.51,687.69,687.46,687.57,105592
2026-01-14 16:17:00+00:00,687.575,687.71,687.41,687.5,138527
2026-01-14 16:18:00+00:00,687.505,687.525,687.2616,687.39,73359
2026-01-14 16:19:00+00:00,687.4,687.7001,687.38,687.67,123580
2026-01-14 16:20:00+00:00,687.67,687.93,687.67,687.84,209377
2026-01-14 16:21:00+00:00,687.85,688.17,687.82,688.155,210074
2026-01-14 16:22:00+00:00,688.16,688.35,688.15,688.34,180427
2026-01-14 16:23:00+00:00,688.34,688.87,688.34,688.8,280817
2026-01-14 16:24:00+00:00,688.8,688.88,688.555,688.82,278753
2026-01-14 16:25:00+00:00,688.82,688.99,688.72,688.91,218396
2026-01-14 16:26:00+00:00,688.93,688.95,688.635,688.91,195955
2026-01-14 16:27:00+00:00,688.91,689.06,688.88,689.01,176610
2026-01-14 16:28:00+00:00,689.01,689.33,689.01,689.1,217862
2026-01-14 16:29:00+00:00,689.1,689.19,689.0516,689.15,181502
2026-01-14 16:30:00+00:00,689.16,689.46,689.01,689.39,280750
2026-01-14 16:31:00+00:00,689.39,689.47,689.17,689.22,201564
2026-01-14 16:32:00+00:00,689.22,689.22,688.77,688.8,275985
2026-01-14 16:33:00+00:00,688.8,689.005,688.74,688.85,431186
2026-01-14 16:34:00+00:00,688.83,688.84,688.62,688.77,121946
2026-01-14 16:35:00+00:00,688.775,688.775,688.11,688.17,180113
2026-01-14 16:36:00+00:00,688.165,688.25,687.99,688.1245,134891
2026-01-14 16:37:00+00:00,688.13,688.25,688.05,688.15,112731
2026-01-14 16:38:00+00:00,688.15,688.59,688.14,688.32,118679
2026-01-14 16:39:00+00:00,688.31,688.505,688.22,688.38,93406
2026-01-14 16:40:00+00:00,688.36,688.38,688.0,688.04,90093
2026-01-14 16:41:00+00:00,688.05,688.12,687.89,687.93,83681
2026-01-14 16:42:00+00:00,687.95,687.96,687.68,687.69,159098
2026-01-14 16:43:00+00:00,687.695,687.78,687.56,687.71,152205
2026-01-14 16:44:00+00:00,687.7,687.78,687.52,687.5256,145923
2026-01-14 16:45:00+00:00,687.53,687.53,687.23,687.35,201852
2026-01-14 16:46:00+00:00,687.33,687.33,686.84,686.85,122449
2026-01-14 16:47:00+00:00,686.84,687.19,686.8,686.93,297834
2026-01-14 16:48:00+00:00,686.93,687.01,686.77,686.88,169079
2026-01-14 16:49:00+00:00,686.8999,687.13,686.82,686.885,207034
2026-01-14 16:50:00+00:00,686.88,686.88,686.65,686.6601,188044
2026-01-14 16:51:00+00:00,686.665,686.69,686.2,686.25,294220
2026-01-14 16:52:00+00:00,686.245,686.411,686.23,686.255,177037
2026-01-14 16:53:00+00:00,686.26,686.58,686.23,686.44,239480
2026-01-14 16:54:00+00:00,686.46,686.66,686.35,686.44,275283
2026-01-14 16:55:00+00:00,686.43,686.4415,686.13,686.28,192405
2026-01-14 16:56:00+00:00,686.28,686.53,686.24,686.285,186981
2026-01-14 16:57:00+00:00,686.27,686.49,686.27,686.405,187544
2026-01-14 16:58:00+00:00,686.405,686.5458,686.29,686.4658,149899
2026-01-14 16:59:00+00:00,686.46,686.66,686.45,686.59,200015
2026-01-14 17:00:00+00:00,686.58,686.77,686.33,686.76,208066
2026-01-14 17:01:00+00:00,686.76,686.825,686.605,686.82,112417
2026-01-14 17:02:00+00:00,686.83,687.01,686.76,686.945,131473
2026-01-14 17:03:00+00:00,686.94,687.0601,686.85,687.015,96212
2026-01-14 17:04:00+00:00,687.015,687.13,686.58,686.6,199180
2026-01-14 17:05:00+00:00,686.59,686.78,686.56,686.755,80472
2026-01-14 17:06:00+00:00,686.745,686.925,686.63,686.9,92300
2026-01-14 17:07:00+00:00,686.9,687.08,686.88,686.93,103014
2026-01-14 17:08:00+00:00,686.93,687.11,686.87,687.06,112439
2026-01-14 17:09:00+00:00,687.06,687.34,687.011,687.2999,119791
2026-01-14 17:10:00+00:00,687.29,687.31,687.095,687.19,122092
2026-01-14 17:11:00+00:00,687.18,687.25,686.96,687.145,71249
2026-01-14 17:12:00+00:00,687.1431,687.25,687.06,687.21,65599
2026-01-14 17:13:00+00:00,687.2,687.35,687.1754,687.3,85257
2026-01-14 17:14:00+00:00,687.29,687.3,687.11,687.22,98186
2026-01-14 17:15:00+00:00,687.22,687.22,686.84,686.89,108142
2026-01-14 17:16:00+00:00,686.89,686.91,686.74,686.85,93681
2026-01-14 17:17:00+00:00,686.84,686.88,686.65,686.66,97451
2026-01-14 17:18:00+00:00,686.66,686.68,686.04,686.46,281086
2026-01-14 17:19:00+00:00,686.465,686.705,686.4,686.56,77177
2026-01-14 17:20:00+00:00,686.57,686.625,686.39,686.535,80599
2026-01-14 17:21:00+00:00,686.5298,686.6,686.32,686.33,99971
2026-01-14 17:22:00+00:00,686.3301,686.47,686.24,686.3824,145254
2026-01-14 17:23:00+00:00,686.385,686.66,686.37,686.58,75642
2026-01-14 17:24:00+00:00,686.59,686.85,686.55,686.83,98698
2026-01-14 17:25:00+00:00,686.85,686.88,686.72,686.81,115135
2026-01-14 17:26:00+00:00,686.805,687.225,686.79,687.21,172181
2026-01-14 17:27:00+00:00,687.2,687.315,687.105,687.1897,176966
2026-01-14 17:28:00+00:00,687.18,687.295,687.14,687.22,71383
2026-01-14 17:29:00+00:00,687.215,687.23,686.95,687.0999,140114
2026-01-14 17:30:00+00:00,687.09,687.09,686.66,686.75,149990
2026-01-14 17:31:00+00:00,686.745,686.88,686.62,686.67,148550
2026-01-14 17:32:00+00:00,686.66,686.66,686.32,686.34,107305
2026-01-14 17:33:00+00:00,686.34,686.5,686.275,686.34,121088
2026-01-14 17:34:00+00:00,686.33,686.41,686.25,686.32,148029
2026-01-14 17:35:00+00:00,686.33,686.7748,686.33,686.62,123820
2026-01-14 17:36:00+00:00,686.6,686.6,686.29,686.52,96490
2026-01-14 17:37:00+00:00,686.51,686.58,686.33,686.5,97247
2026-01-14 17:38:00+00:00,686.49,686.67,686.41,686.465,73851
2026-01-14 17:39:00+00:00,686.465,686.61,686.37,686.55,73076
2026-01-14 17:40:00+00:00,686.55,686.68,686.51,686.64,79618
2026-01-14 17:41:00+00:00,686.631,686.78,686.56,686.74,90778
2026-01-14 17:42:00+00:00,686.74,686.74,686.52,686.64,93871
2026-01-14 17:43:00+00:00,686.64,686.745,686.54,686.745,137418
2026-01-14 17:44:00+00:00,686.745,686.95,686.745,686.92,102225
2026-01-14 17:45:00+00:00,686.915,687.26,686.88,687.19,130285
2026-01-14 17:46:00+00:00,687.2,687.44,687.18,687.35,136184
2026-01-14 17:47:00+00:00,687.36,687.375,687.11,687.18,173325
2026-01-14 17:48:00+00:00,687.185,687.45,687.15,687.38,107127
2026-01-14 17:49:00+00:00,687.39,687.39,687.13,687.18,89773
2026-01-14 17:50:00+00:00,687.17,687.18,686.3,686.32,167859
2026-01-14 17:51:00+00:00,686.3,686.47,686.19,686.3388,155303
2026-01-14 17:52:00+00:00,686.35,686.5101,686.31,686.49,133920
2026-01-14 17:53:00+00:00,686.49,686.515,686.37,686.45,73939
2026-01-14 17:54:00+00:00,686.44,686.61,686.335,686.515,106592
2026-01-14 17:55:00+00:00,686.52,686.73,686.48,686.52,97889
2026-01-14 17:56:00+00:00,686.52,686.61,686.415,686.5,80149
2026-01-14 17:57:00+00:00,686.53,686.6,686.35,686.4525,77751
2026-01-14 17:58:00+00:00,686.43,686.58,686.27,686.58,91512
2026-01-14 17:59:00+00:00,686.58,686.73,686.55,686.6377,87018
2026-01-14 18:00:00+00:00,686.63,686.83,686.51,686.78,104249
2026-01-14 18:01:00+00:00,686.78,686.8001,686.53,686.6615,106308
2026-01-14 18:02:00+00:00,686.6617,687.03,686.6,686.98,124643
2026-01-14 18:03:00+00:00,686.98,687.1,686.91,687.01,112428
2026-01-14 18:04:00+00:00,687.015,687.22,686.97,687.13,88822
2026-01-14 18:05:00+00:00,687.12,687.16,686.94,687.13,104354
2026-01-14 18:06:00+00:00,687.13,687.15,686.84,687.05,79591
2026-01-14 18:07:00+00:00,687.05,687.22,686.95,687.15,93073
2026-01-14 18:08:00+00:00,687.155,687.2599,687.07,687.18,66768
2026-01-14 18:09:00+00:00,687.195,687.22,687.1,687.14,55767
2026-01-14 18:10:00+00:00,687.12,687.22,687.01,687.05,65521
2026-01-14 18:11:00+00:00,687.05,687.17,686.85,687.13,109163
2026-01-14 18:12:00+00:00,687.12,687.23,687.01,687.185,79442
2026-01-14 18:13:00+00:00,687.19,687.32,687.17,687.2484,61667
2026-01-14 18:14:00+00:00,687.24,687.435,687.215,687.33,124968
2026-01-14 18:15:00+00:00,687.32,687.34,687.05,687.18,129653
2026-01-14 18:16:00+00:00,687.165,687.25,687.07,687.24,100577
2026-01-14 18:17:00+00:00,687.23,687.38,686.86,687.37,99276
2026-01-14 18:18:00+00:00,687.365,687.39,687.03,687.1,71744
2026-01-14 18:19:00+00:00,687.095,687.155,687.0,687.08,45463
2026-01-14 18:20:00+00:00,687.08,687.42,687.075,687.39,85351
2026-01-14 18:21:00+00:00,687.39,687.39,687.2521,687.33,43658
2026-01-14 18:22:00+00:00,687.325,687.39,687.18,687.35,84866
2026-01-14 18:23:00+00:00,687.35,687.36,687.14,687.2,107388
2026-01-14 18:24:00+00:00,687.2,687.24,687.05,687.185,92837
2026-01-14 18:25:00+00:00,687.18,687.225,686.97,687.025,60948
2026-01-14 18:26:00+00:00,687.0385,687.305,686.94,687.28,66138
2026-01-14 18:27:00+00:00,687.27,687.55,687.21,687.52,117656
2026-01-14 18:28:00+00:00,687.5,687.54,687.27,687.4458,120416
2026-01-14 18:29:00+00:00,687.46,687.65,687.41,687.6,73166
2026-01-14 18:30:00+00:00,687.59,687.83,687.5,687.545,161597
2026-01-14 18:31:00+00:00,687.54,687.5899,687.23,687.23,107554
2026-01-14 18:32:00+00:00,687.245,687.26,686.82,686.8205,123255
2026-01-14 18:33:00+00:00,686.83,686.91,686.65,686.74,125761
2026-01-14 18:34:00+00:00,686.75,686.8099,686.61,686.78,186235
2026-01-14 18:35:00+00:00,686.79,686.92,686.59,686.6,101864
2026-01-14 18:36:00+00:00,686.6,686.77,686.51,686.75,139548
2026-01-14 18:37:00+00:00,686.74,686.76,686.28,686.34,136251
2026-01-14 18:38:00+00:00,686.34,686.53,686.26,686.49,150112
2026-01-14 18:39:00+00:00,686.5,686.515,686.3899,686.46,104080
2026-01-14 18:40:00+00:00,686.45,686.73,686.45,686.61,96344
2026-01-14 18:41:00+00:00,686.62,686.7694,686.47,686.67,76962
2026-01-14 18:42:00+00:00,686.66,686.7601,686.6,686.74,111778
2026-01-14 18:43:00+00:00,686.75,686.87,686.72,686.725,59692
2026-01-14 18:44:00+00:00,686.71,686.905,686.71,686.895,94063
2026-01-14 18:45:00+00:00,686.89,687.08,686.78,687.05,161826
2026-01-14 18:46:00+00:00,687.04,687.22,687.0,687.17,91802
2026-01-14 18:47:00+00:00,687.19,687.36,687.175,687.33,112236
2026-01-14 18:48:00+00:00,687.32,687.34,686.95,687.03,153980
2026-01-14 18:49:00+00:00,687.02,687.122,686.82,687.095,76418
2026-01-14 18:50:00+00:00,687.1,687.44,687.06,687.43,101831
2026-01-14 18:51:00+00:00,687.43,687.81,687.43,687.7408,160034
2026-01-14 18:52:00+00:00,687.75,687.985,687.665,687.965,147092
2026-01-14 18:53:00+00:00,687.97,688.02,687.61,687.6199,162756
2026-01-14 18:54:00+00:00,687.61,687.81,687.5,687.78,193630
2026-01-14 18:55:00+00:00,687.79,687.86,687.6,687.77,102828
2026-01-14 18:56:00+00:00,687.78,687.95,687.78,687.92,70076
2026-01-14 18:57:00+00:00,687.91,687.92,687.66,687.92,73792
2026-01-14 18:58:00+00:00,687.93,688.095,687.87,688.07,79267
2026-01-14 18:59:00+00:00,688.08,688.24,688.055,688.11,255707
2026-01-14 19:00:00+00:00,688.11,688.12,687.81,688.0,177446
2026-01-14 19:01:00+00:00,687.99,688.18,687.96,688.15,201694
2026-01-14 19:02:00+00:00,688.15,688.155,687.91,687.92,162180
2026-01-14 19:03:00+00:00,687.93,688.21,687.89,687.92,130433
2026-01-14 19:04:00+00:00,687.91,688.03,687.82,687.9325,248274
2026-01-14 19:05:00+00:00,687.92,687.94,687.63,687.82,246997
2026-01-14 19:06:00+00:00,687.81,688.01,687.735,687.91,121402
2026-01-14 19:07:00+00:00,687.915,687.96,687.75,687.795,95193
2026-01-14 19:08:00+00:00,687.78,687.86,687.71,687.805,87451
2026-01-14 19:09:00+00:00,687.8,687.885,687.73,687.84,72043
2026-01-14 19:10:00+00:00,687.84,687.86,687.61,687.69,92614
2026-01-14 19:11:00+00:00,687.7,687.95,687.68,687.9,114306
2026-01-14 19:12:00+00:00,687.9,687.99,687.79,687.935,104901
2026-01-14 19:13:00+00:00,687.94,688.0458,687.82,687.88,97675
2026-01-14 19:14:00+00:00,687.875,688.005,687.83,687.99,65269
2026-01-14 19:15:00+00:00,687.995,688.11,687.82,688.035,93778
2026-01-14 19:16:00+00:00,688.02,688.1,687.95,688.05,63470
2026-01-14 19:17:00+00:00,688.055,688.08,687.76,687.8,121947
2026-01-14 19:18:00+00:00,687.82,687.985,687.75,687.98,80166
2026-01-14 19:19:00+00:00,687.98,688.17,687.98,688.125,192693
2026-01-14 19:20:00+00:00,688.14,688.29,688.04,688.05,120756
2026-01-14 19:21:00+00:00,688.05,688.05,687.9,687.99,102848
2026-01-14 19:22:00+00:00,688.0,688.17,687.9901,688.11,103279
2026-01-14 19:23:00+00:00,688.11,688.285,688.09,688.235,158232
2026-01-14 19:24:00+00:00,688.24,688.315,688.08,688.11,84160
2026-01-14 19:25:00+00:00,688.11,688.175,688.0,688.09,113135
2026-01-14 19:26:00+00:00,688.09,688.09,687.88,687.96,119648
2026-01-14 19:27:00+00:00,687.96,688.21,687.96,688.14,105663
2026-01-14 19:28:00+00:00,688.16,688.2,687.93,687.985,111484
2026-01-14 19:29:00+00:00,687.99,688.16,687.98,688.125,88911
2026-01-14 19:30:00+00:00,688.13,688.36,688.12,688.235,179664
2026-01-14 19:31:00+00:00,688.23,688.37,688.11,688.13,120275
2026-01-14 19:32:00+00:00,688.13,688.2189,688.1002,688.135,62798
2026-01-14 19:33:00+00:00,688.14,688.205,688.0,688.01,86364
2026-01-14 19:34:00+00:00,688.01,688.05,687.92,688.0,146797
2026-01-14 19:35:00+00:00,688.0,688.06,687.62,687.94,117859
2026-01-14 19:36:00+00:00,687.96,688.06,687.87,687.96,77503
2026-01-14 19:37:00+00:00,687.955,687.97,687.77,687.77,78330
2026-01-14 19:38:00+00:00,687.77,688.05,687.77,687.9797,102312
2026-01-14 19:39:00+00:00,687.9716,688.24,687.96,688.195,82146
2026-01-14 19:40:00+00:00,688.2,688.3187,688.17,688.275,139380
2026-01-14 19:41:00+00:00,688.28,688.365,688.22,688.2625,86271
2026-01-14 19:42:00+00:00,688.26,688.285,688.12,688.2,86193
2026-01-14 19:43:00+00:00,688.21,688.36,688.07,688.11,600289
2026-01-14 19:44:00+00:00,688.09,688.17,688.0,688.125,84080
2026-01-14 19:45:00+00:00,688.13,688.135,687.99,688.015,109218
2026-01-14 19:46:00+00:00,688.015,688.25,688.01,688.1866,84255
2026-01-14 19:47:00+00:00,688.19,688.28,688.135,688.275,66363
2026-01-14 19:48:00+00:00,688.275,688.38,688.218,688.305,76850
2026-01-14 19:49:00+00:00,688.31,688.35,688.26,688.27,59697
2026-01-14 19:50:00+00:00,688.28,688.59,688.24,688.44,124187
2026-01-14 19:51:00+00:00,688.45,688.505,688.18,688.49,112704
2026-01-14 19:52:00+00:00,688.49,688.54,688.23,688.25,77752
2026-01-14 19:53:00+00:00,688.25,688.415,688.23,688.29,76158
2026-01-14 19:54:00+00:00,688.29,688.315,688.17,688.21,100109
2026-01-14 19:55:00+00:00,688.22,688.225,687.98,688.0,117772
2026-01-14 19:56:00+00:00,687.99,688.17,687.93,688.14,115569
2026-01-14 19:57:00+00:00,688.135,688.3063,688.135,688.2,106087
2026-01-14 19:58:00+00:00,688.21,688.25,688.0766,688.15,111246
2026-01-14 19:59:00+00:00,688.155,688.17,687.93,688.06,337579
2026-01-14 20:00:00+00:00,688.05,688.065,687.51,687.5759,214963
2026-01-14 20:01:00+00:00,687.54,687.65,687.32,687.53,286685
2026-01-14 20:02:00+00:00,687.52,688.7,687.5,688.27,891167
2026-01-14 20:03:00+00:00,688.28,688.55,688.04,688.46,366203
2026-01-14 20:04:00+00:00,688.44,688.61,688.3,688.335,279786
2026-01-14 20:05:00+00:00,688.35,689.14,688.3,689.03,387432
2026-01-14 20:06:00+00:00,689.04,689.47,688.94,689.38,329695
2026-01-14 20:07:00+00:00,689.37,689.575,688.97,689.56,386333
2026-01-14 20:08:00+00:00,689.55,689.69,689.28,689.41,587208
2026-01-14 20:09:00+00:00,689.4,689.53,689.14,689.175,226393
2026-01-14 20:10:00+00:00,689.17,689.21,688.94,689.1901,321484
2026-01-14 20:11:00+00:00,689.1999,689.48,689.06,689.33,264579
2026-01-14 20:12:00+00:00,689.31,689.38,688.76,688.85,254606
2026-01-14 20:13:00+00:00,688.85,689.12,688.83,688.95,1176520
2026-01-14 20:14:00+00:00,688.93,689.03,688.695,688.75,122784
2026-01-14 20:15:00+00:00,688.75,688.87,688.38,688.49,175665
2026-01-14 20:16:00+00:00,688.48,688.53,688.3,688.39,133642
2026-01-14 20:17:00+00:00,688.39,688.57,688.18,688.41,157818
2026-01-14 20:18:00+00:00,688.4,688.63,688.38,688.5197,116073
2026-01-14 20:19:00+00:00,688.51,688.74,688.49,688.6,137578
2026-01-14 20:20:00+00:00,688.65,688.72,688.35,688.55,190897
2026-01-14 20:21:00+00:00,688.55,688.74,688.515,688.5176,143769
2026-01-14 20:22:00+00:00,688.52,688.82,688.51,688.725,91157
2026-01-14 20:23:00+00:00,688.73,688.94,688.71,688.9,265437
2026-01-14 20:24:00+00:00,688.905,688.99,688.87,688.94,234614
2026-01-14 20:25:00+00:00,688.94,688.94,688.68,688.805,166404
2026-01-14 20:26:00+00:00,688.835,689.03,688.785,688.935,429550
2026-01-14 20:27:00+00:00,688.93,689.02,688.89,688.91,141204
2026-01-14 20:28:00+00:00,688.91,689.0301,688.91,688.95,262388
2026-01-14 20:29:00+00:00,688.96,689.171,688.83,689.15,172547
2026-01-14 20:30:00+00:00,689.15,689.519,689.12,689.48,250005
2026-01-14 20:31:00+00:00,689.47,689.595,689.3,689.54,563525
2026-01-14 20:32:00+00:00,689.55,689.785,689.545,689.78,277161
2026-01-14 20:33:00+00:00,689.78,690.17,689.76,690.11,379870
2026-01-14 20:34:00+00:00,690.11,690.17,689.93,689.935,480973
2026-01-14 20:35:00+00:00,689.94,690.28,689.92,690.14,443929
2026-01-14 20:36:00+00:00,690.14,690.44,690.09,690.345,430293
2026-01-14 20:37:00+00:00,690.35,690.365,689.85,689.86,290263
2026-01-14 20:38:00+00:00,689.87,690.08,689.835,690.07,359995
2026-01-14 20:39:00+00:00,690.055,690.23,689.95,690.19,291497
2026-01-14 20:40:00+00:00,690.18,690.36,690.115,690.23,359314
2026-01-14 20:41:00+00:00,690.24,690.275,689.88,690.015,566044
2026-01-14 20:42:00+00:00,690.01,690.02,689.79,689.82,293456
2026-01-14 20:43:00+00:00,689.82,689.82,689.3942,689.44,370784
2026-01-14 20:44:00+00:00,689.44,689.54,689.1,689.14,206765
2026-01-14 20:45:00+00:00,689.155,689.24,688.84,688.84,459861
2026-01-14 20:46:00+00:00,688.85,689.23,688.825,689.19,474010
2026-01-14 20:47:00+00:00,689.18,689.18,688.92,689.01,474635
2026-01-14 20:48:00+00:00,689.02,689.07,688.63,688.675,280996
2026-01-14 20:49:00+00:00,688.68,688.86,688.62,688.68,293269
2026-01-14 20:50:00+00:00,688.68,689.41,688.65,689.175,809641
2026-01-14 20:51:00+00:00,689.17,689.45,689.06,689.1801,416475
2026-01-14 20:52:00+00:00,689.18,689.24,688.81,688.95,489105
2026-01-14 20:53:00+00:00,688.95,689.48,688.94,689.47,777914
2026-01-14 20:54:00+00:00,689.46,689.74,689.24,689.645,615729
2026-01-14 20:55:00+00:00,689.645,689.95,689.64,689.88,810477
2026-01-14 20:56:00+00:00,689.875,690.01,689.745,689.985,1415525
2026-01-14 20:57:00+00:00,689.985,690.23,689.985,690.14,991409
2026-01-14 20:58:00+00:00,690.15,690.21,689.915,689.93,1260988
2026-01-14 20:59:00+00:00,689.935,690.64,689.91,690.44,2712325
2026-01-14 21:00:00+00:00,690.44,690.65,690.27,690.64,2230516
2026-01-14 21:01:00+00:00,690.64,690.72,690.45,690.5,637068
2026-01-14 21:02:00+00:00,690.51,690.53,690.42,690.46,86774
2026-01-14 21:03:00+00:00,690.46,690.55,690.46,690.49,170840
2026-01-14 21:04:00+00:00,690.49,690.6,690.46,690.47,61171
2026-01-14 21:05:00+00:00,690.4601,690.5,690.36,690.42,40068
2026-01-14 21:06:00+00:00,690.41,690.43,690.24,690.3495,46604
2026-01-14 21:07:00+00:00,690.34,690.37,690.2,690.2,23624
2026-01-14 21:08:00+00:00,690.2097,690.23,690.05,690.05,350111
2026-01-14 21:09:00+00:00,690.07,690.36,689.85,689.85,1094008
2026-01-14 21:10:00+00:00,689.85,689.97,689.77,689.92,18507
2026-01-14 21:11:00+00:00,689.93,693.8932,689.8,689.801,160918
2026-01-14 21:12:00+00:00,689.86,689.98,689.86,689.92,7953
2026-01-14 21:13:00+00:00,689.95,690.04,689.93,690.0395,2526359
2026-01-14 21:14:00+00:00,690.0,690.1304,689.99,690.1304,28067
2026-01-14 21:15:00+00:00,690.1101,690.1101,689.97,689.99,8798
2026-01-14 21:16:00+00:00,690.04,690.0569,689.96,689.96,10678
2026-01-14 21:17:00+00:00,689.94,690.0196,689.9,690.0196,19797
2026-01-14 21:18:00+00:00,689.97,690.03,689.95,689.95,1372
2026-01-14 21:19:00+00:00,689.92,689.94,689.87,689.89,6528
2026-01-14 21:20:00+00:00,689.8899,689.91,689.85,689.85,6497
2026-01-14 21:21:00+00:00,689.86,689.87,689.76,689.79,22802
2026-01-14 21:22:00+00:00,689.8,689.9,689.78,689.9,5418
2026-01-14 21:23:00+00:00,689.9,690.03,689.9,690.0,5346
2026-01-14 21:24:00+00:00,690.0,690.02,689.82,689.84,7653
2026-01-14 21:25:00+00:00,689.87,689.87,689.77,689.82,15025
2026-01-14 21:26:00+00:00,689.8399,689.88,689.81,689.88,10649
2026-01-14 21:27:00+00:00,689.88,689.92,689.88,689.92,15183
2026-01-14 21:28:00+00:00,689.83,689.87,689.83,689.85,1811
2026-01-14 21:29:00+00:00,689.85,689.9,689.83,689.83,13763
2026-01-14 21:30:00+00:00,689.85,689.85,689.81,689.84,2032
2026-01-14 21:31:00+00:00,689.84,689.9,689.83,689.83,14600
2026-01-14 21:32:00+00:00,689.83,689.83,689.77,689.8,7338
2026-01-14 21:33:00+00:00,689.8,689.8354,689.7834,689.79,31011
2026-01-14 21:34:00+00:00,689.79,689.79,689.77,689.78,52709
2026-01-14 21:35:00+00:00,689.77,689.77,689.67,689.67,41261
2026-01-14 21:36:00+00:00,689.678,689.678,689.53,689.6,17661
2026-01-14 21:37:00+00:00,689.6,689.6193,689.53,689.57,146277
2026-01-14 21:38:00+00:00,689.58,689.58,689.53,689.57,2496
2026-01-14 21:39:00+00:00,689.57,689.6,689.5,689.53,13149
2026-01-14 21:40:00+00:00,689.5547,689.6,689.51,689.6,1611
2026-01-14 21:41:00+00:00,689.66,689.73,689.65,689.65,2396
2026-01-14 21:42:00+00:00,689.65,689.7,689.65,689.68,10959
2026-01-14 21:43:00+00:00,689.63,689.63,689.6,689.6,780
2026-01-14 21:44:00+00:00,689.67,689.67,689.67,689.67,1454
2026-01-14 21:45:00+00:00,689.7192,689.7192,689.69,689.69,1153
2026-01-14 21:46:00+00:00,689.71,689.8,689.71,689.77,1515
2026-01-14 21:47:00+00:00,689.7401,689.7587,689.73,689.73,345
2026-01-14 21:48:00+00:00,689.74,689.79,689.74,689.75,7562
2026-01-14 21:49:00+00:00,689.76,689.79,689.76,689.76,7582
2026-01-14 21:50:00+00:00,689.8,689.92,689.8,689.89,1482
2026-01-14 21:51:00+00:00,689.8701,689.94,689.8701,689.94,1228
2026-01-14 21:52:00+00:00,689.95,690.01,689.95,690.0,13003
2026-01-14 21:53:00+00:00,689.9902,690.01,689.98,689.9801,17244
2026-01-14 21:54:00+00:00,689.93,689.93,688.19,688.45,92038
2026-01-14 21:55:00+00:00,688.44,689.35,688.39,689.35,45503
2026-01-14 21:56:00+00:00,689.35,689.69,689.23,689.61,30805
2026-01-14 21:57:00+00:00,689.57,689.64,689.41,689.4801,10404
2026-01-14 21:58:00+00:00,689.48,689.48,689.42,689.47,6774
2026-01-14 21:59:00+00:00,689.48,689.71,689.48,689.7,9740
2026-01-14 22:00:00+00:00,689.68,690.3,689.46,689.82,16658
2026-01-14 22:01:00+00:00,689.8207,689.88,689.82,689.82,8412
2026-01-14 22:02:00+00:00,689.8,689.84,689.8,689.8,2211
2026-01-14 22:04:00+00:00,689.73,689.73,689.73,689.73,115
2026-01-14 22:05:00+00:00,689.79,689.79,689.75,689.75,628
2026-01-14 22:06:00+00:00,689.85,690.05,689.75,689.99,12633
2026-01-14 22:07:00+00:00,689.8813,690.05,689.8813,690.03,279167
2026-01-14 22:08:00+00:00,689.99,690.0,689.99,689.99,561
2026-01-14 22:10:00+00:00,689.91,689.91,689.88,689.88,1265
2026-01-14 22:11:00+00:00,689.91,689.91,689.86,689.8626,880
2026-01-14 22:12:00+00:00,689.92,689.92,689.92,689.92,65361
2026-01-14 22:13:00+00:00,689.9,689.9,689.9,689.9,688
2026-01-14 22:14:00+00:00,689.9,689.99,689.9,689.99,1203
2026-01-14 22:15:00+00:00,689.98,689.98,689.9797,689.98,979
2026-01-14 22:16:00+00:00,689.98,689.98,689.98,689.98,175
2026-01-14 22:17:00+00:00,689.97,689.97,689.97,689.97,427
2026-01-14 22:18:00+00:00,689.93,689.97,689.91,689.91,4001
2026-01-14 22:19:00+00:00,689.9099,689.91,689.86,689.86,4160
2026-01-14 22:20:00+00:00,689.8598,689.8598,689.71,689.71,5355
2026-01-14 22:21:00+00:00,689.7088,689.74,689.61,689.74,2559
2026-01-14 22:22:00+00:00,689.6401,689.74,689.6401,689.74,1032
2026-01-14 22:23:00+00:00,689.83,689.83,689.78,689.78,853
2026-01-14 22:24:00+00:00,689.77,689.82,689.75,689.82,1011
2026-01-14 22:25:00+00:00,689.79,689.82,689.77,689.77,2142
2026-01-14 22:26:00+00:00,689.8,689.82,689.61,689.61,6558
2026-01-14 22:27:00+00:00,689.61,689.65,689.61,689.65,353939
2026-01-14 22:28:00+00:00,689.7582,689.76,689.61,689.61,6415
2026-01-14 22:29:00+00:00,689.61,689.65,689.57,689.65,444
2026-01-14 22:30:00+00:00,689.6101,689.6101,689.61,689.61,1263
2026-01-14 22:31:00+00:00,689.71,689.73,689.71,689.73,545
2026-01-14 22:32:00+00:00,689.7308,689.8299,689.71,689.71,166
2026-01-14 22:33:00+00:00,689.71,689.71,689.71,689.71,299
2026-01-14 22:34:00+00:00,689.75,689.81,689.71,689.71,605
2026-01-14 22:35:00+00:00,689.63,689.63,689.58,689.58,1330
2026-01-14 22:36:00+00:00,689.619,689.62,689.52,689.5614,1855
2026-01-14 22:37:00+00:00,689.57,689.57,689.52,689.57,1707
2026-01-14 22:38:00+00:00,689.57,689.57,689.5,689.5,3654
2026-01-14 22:39:00+00:00,689.52,689.52,689.45,689.45,403
2026-01-14 22:40:00+00:00,689.39,689.47,689.39,689.46,698
2026-01-14 22:41:00+00:00,689.4,689.4,689.4,689.4,120
2026-01-14 22:42:00+00:00,689.4,689.4,689.4,689.4,111
2026-01-14 22:44:00+00:00,689.44,689.45,689.44,689.45,358
2026-01-14 22:45:00+00:00,689.43,689.44,689.43,689.44,593
2026-01-14 22:46:00+00:00,689.45,689.45,689.45,689.45,526
2026-01-14 22:47:00+00:00,689.45,689.45,689.4,689.43,1245
2026-01-14 22:48:00+00:00,689.41,689.46,689.4,689.46,748
2026-01-14 22:50:00+00:00,689.46,689.46,689.46,689.46,237
2026-01-14 22:51:00+00:00,689.43,689.43,689.4,689.4,2262
2026-01-14 22:52:00+00:00,689.45,689.46,689.45,689.46,888
2026-01-14 22:53:00+00:00,689.41,689.4117,689.39,689.4,6016
2026-01-14 22:54:00+00:00,689.39,689.56,689.28,689.55,8951
2026-01-14 22:55:00+00:00,689.55,689.55,689.4,689.4,5182
2026-01-14 22:56:00+00:00,689.4,689.54,689.4,689.54,289
2026-01-14 22:58:00+00:00,689.5,689.52,689.43,689.5199,512
2026-01-14 22:59:00+00:00,689.46,689.52,689.46,689.52,1221
2026-01-14 23:00:00+00:00,689.51,689.51,689.16,689.21,11260
2026-01-14 23:01:00+00:00,689.25,689.56,689.22,689.55,16373
2026-01-14 23:02:00+00:00,689.52,689.74,689.52,689.74,16314
2026-01-14 23:03:00+00:00,689.6312,689.7,689.63,689.65,15927
2026-01-14 23:04:00+00:00,689.6497,689.75,689.5901,689.62,13219
2026-01-14 23:05:00+00:00,689.72,689.72,689.72,689.72,117
2026-01-14 23:06:00+00:00,689.7,689.72,689.62,689.62,390
2026-01-14 23:07:00+00:00,689.61,689.61,689.31,689.31,1561
2026-01-14 23:08:00+00:00,689.3,689.3,689.09,689.23,2403
2026-01-14 23:09:00+00:00,689.23,689.3472,689.2,689.32,1062
2026-01-14 23:10:00+00:00,689.31,689.5,689.31,689.45,2403
2026-01-14 23:12:00+00:00,689.45,689.47,689.45,689.45,727
2026-01-14 23:13:00+00:00,689.3299,689.35,689.3,689.33,2451
2026-01-14 23:14:00+00:00,689.33,689.4,689.2938,689.4,995
2026-01-14 23:15:00+00:00,689.5,689.6,689.4521,689.6,1217
2026-01-14 23:16:00+00:00,689.6,689.6,689.03,689.0592,6458
2026-01-14 23:17:00+00:00,689.0804,689.1393,689.0,689.0,1350
2026-01-14 23:18:00+00:00,689.02,689.02,688.91,688.9196,1863
2026-01-14 23:19:00+00:00,688.941,688.941,688.81,688.81,4144
2026-01-14 23:20:00+00:00,688.821,688.92,688.81,688.81,1272
2026-01-14 23:21:00+00:00,688.8,688.82,688.75,688.75,1013
2026-01-14 23:22:00+00:00,688.8384,688.89,688.8384,688.84,553
2026-01-14 23:23:00+00:00,688.78,688.78,688.64,688.71,2968
2026-01-14 23:24:00+00:00,688.7399,688.79,688.7399,688.79,779
2026-01-14 23:25:00+00:00,688.87,688.89,688.8401,688.89,457
2026-01-14 23:26:00+00:00,688.89,689.05,688.89,689.05,2039
2026-01-14 23:27:00+00:00,689.06,689.141,689.06,689.1,2275
2026-01-14 23:28:00+00:00,689.1501,689.25,689.15,689.22,1711
2026-01-14 23:29:00+00:00,689.25,689.42,689.25,689.4,8419
2026-01-14 23:30:00+00:00,689.4401,689.48,689.34,689.34,748
2026-01-14 23:31:00+00:00,689.36,689.36,689.31,689.34,816
2026-01-14 23:32:00+00:00,689.36,689.48,689.31,689.461,923
2026-01-14 23:33:00+00:00,689.4601,689.64,689.46,689.59,1997
2026-01-14 23:34:00+00:00,689.5906,689.6389,689.45,689.45,6746
2026-01-14 23:35:00+00:00,689.5297,689.5297,689.3654,689.3654,1014
2026-01-14 23:36:00+00:00,689.41,689.53,689.41,689.51,701
2026-01-14 23:38:00+00:00,689.5401,689.59,689.53,689.59,700
2026-01-14 23:40:00+00:00,689.4431,689.4598,689.41,689.41,840
2026-01-14 23:41:00+00:00,689.47,689.49,689.44,689.49,1097
2026-01-14 23:42:00+00:00,689.46,689.46,689.34,689.41,1722
2026-01-14 23:43:00+00:00,689.41,689.41,689.35,689.35,715
2026-01-14 23:44:00+00:00,689.36,689.36,689.23,689.34,2277
2026-01-14 23:45:00+00:00,689.39,689.39,689.39,689.39,106
2026-01-14 23:46:00+00:00,689.34,689.34,689.34,689.34,92
2026-01-14 23:47:00+00:00,689.46,689.46,689.4599,689.4599,236
2026-01-14 23:48:00+00:00,689.44,689.47,689.44,689.46,2294
2026-01-14 23:49:00+00:00,689.47,689.491,689.47,689.491,154
2026-01-14 23:50:00+00:00,689.5,689.54,689.47,689.47,514
2026-01-14 23:51:00+00:00,689.491,689.59,689.49,689.5662,588
2026-01-14 23:52:00+00:00,689.561,689.5999,689.54,689.54,787
2026-01-14 23:53:00+00:00,689.55,689.56,689.55,689.56,415
2026-01-14 23:55:00+00:00,689.58,689.7,689.58,689.7,13319
2026-01-14 23:56:00+00:00,689.6601,689.6647,689.66,689.66,321
2026-01-14 23:57:00+00:00,689.6,689.71,689.6,689.62,2107
2026-01-14 23:58:00+00:00,689.5708,689.62,689.5619,689.6172,818
2026-01-14 23:59:00+00:00,689.6682,689.6682,689.62,689.62,5796
2026-01-15 00:00:00+00:00,689.55,689.55,689.55,689.55,90
